,0
0,2550.0
1,2550.0
2,2550.0
3,2550.0
4,2550.0
5,2550.0
6,2550.0
7,2550.0
8,2550.0
9,2550.0
10,2550.0
11,2550.0
12,2550.0
13,2550.0
14,2550.0
15,2550.0
16,2550.0
17,2550.0
18,2550.0
19,2550.0
20,2455.9923883913334
21,2437.032720391334
22,2430.488463816334
23,2437.1686241663338
24,2448.3696845413333
25,2463.4264599163334
26,2479.6797153913335
27,2496.652575591334
28,2514.421035416334
29,2534.902968328834
30,2552.108910616334
31,2567.599001153834
32,2576.751003316334
33,2576.194580916334
34,2572.154180116334
35,2557.9796491663337
36,2535.791265791334
37,2506.849185928834
38,2469.3794723163337
39,2427.014042516334
40,2384.4985549163334
41,2344.8713947038336
42,2312.3358636663334
43,2287.409260091334
44,2269.844757966334
45,2260.1200504413337
46,2254.223039091334
47,2254.5366848288336
48,2257.087489766334
49,2259.209217116334
50,2257.858710266334
51,2262.1864763893536
52,2286.5286976084126
53,2306.1308209899717
54,2319.002715471531
55,2312.95500419257
56,2277.34311084257
57,2236.02402504257
58,2195.61007361757
59,2159.4781099800703
60,2127.01279214257
61,2087.6405886195507
62,2026.2885610254912
63,1967.0025006605988
64,1913.44574120404
65,1877.7571304830005
66,1872.1545353580009
67,1869.767639616334
68,1865.7333117788337
69,1856.379508241334
70,1843.4941777288338
71,1825.3445983663337
72,1804.183850816334
73,1782.3936836996672
74,1759.9469243496674
75,1737.0123944121672
76,1711.4313176746673
77,1683.6036995788338
78,1654.1375032288338
79,1626.6697492330006
80,1601.3320964955005
81,1581.1032638330005
82,1562.6471122080006
83,1543.983258991334
84,1523.585612216334
85,1500.248733903834
86,1478.569622791334
87,1459.400611278834
88,1442.4312171788338
89,1423.8052524996674
90,1402.4047039871673
91,1376.4724499246672
92,1347.2814174496675
93,1315.572645941334
94,1282.7001657663338
95,1248.8570172788338
96,1212.673470041334
97,1173.6417169163337
98,1129.3700631038341
99,1084.1821268288338
100,1037.091191778834
101,993.878595091334
102,957.413198966334
103,929.8472432413339
104,911.9584107038339
105,901.098655253834
106,896.6532922038338
107,894.7489852413339
108,900.6535299913337
109,913.4360573538339
110,931.8836169663339
111,950.8981194413338
112,967.1830920913337
113,978.4812704413338
114,984.3006171788338
115,987.3919619600838
116,985.6601128538339
117,980.8799459538338
118,970.2987865663339
119,952.3956267850838
120,928.5036997663337
121,899.6349279913338
122,843.1388744508176
123,771.8847675775435
124,697.7381747042692
125,622.183985062245
126,572.479629635737
127,539.9584108107371
128,518.261087935737
129,507.36717457948697
130,506.426926473237
131,512.307724598237
132,544.4114846637531
133,588.5401421620275
134,633.3705979353016
135,680.7853742585758
136,706.0191116913339
137,721.1507317413339
138,722.2798335460759
139,697.4231071353017
140,670.3119947495275
141,641.5650011387531
142,625.9156662732372
143,635.7718844982371
144,647.255251798237
145,660.043821523237
146,672.5968558857371
147,682.035886848237
148,676.042182340479
149,690.424881698237
150,701.9255103934951
151,713.1016960887532
152,736.4236086042695
153,737.5359075542694
154,740.2672667792692
155,742.4977882542693
156,745.7636201542693
157,749.1217298792693
158,774.5973071697855
159,798.2264569603016
160,817.5834586758177
161,831.7380601663339
162,816.6485311163339
163,797.6180280288338
164,777.0806291663339
165,754.1623613038339
166,730.090801666334
167,705.2505714413339
168,681.8015991913339
169,661.412391566334
170,646.386001691334
171,636.0345450913339
172,628.6227144163339
173,623.2694374038339
174,618.3723121913339
175,612.536515478834
176,604.4591647788338
177,595.0204471913339
178,581.2994344288338
179,566.2585740913339
180,549.4575411163339
181,533.1126958163338
182,519.8634417913338
183,508.0114134663339
184,498.30978189133396
185,490.5019564663339
186,482.36920452883396
187,474.3502294913339
188,468.0538687538339
189,463.75558002771777
190,463.4473530141016
191,464.74445160048555
192,466.3146056868694
193,491.0890986079088
194,515.4512947539482
195,540.4957413999875
196,566.3906920710269
197,570.0518227210271
198,577.543621021027
199,588.060203109643
200,604.4459268482592
201,623.0761603118754
202,638.7513066004915
203,627.3075390877854
204,607.495140091746
205,582.0233630707065
206,555.3936633496671
207,551.4468197413337
208,545.3818309413338
209,533.5831943913338
210,511.0402675413337
211,480.0922514413337
212,471.4893063873731
213,478.6185736974388
214,496.0450977895176
215,514.1683784315965
216,506.39903608263586
217,482.393967479649
218,452.4585098596491
219,426.89800045964904
220,406.4220401796491
221,389.05198761464914
222,347.6378790136097
223,291.8269972702107
224,228.84342900313186
225,170.09230418605307
226,143.80008533501365
227,141.39072457133386
228,148.52629386633387
229,153.38042569133387
230,150.72847302133385
231,139.15603758633387
232,123.91863269133387
233,105.25258051633386
234,88.51546914133387
235,74.10703321633386
236,57.04921901633388
237,34.50080884133389
238,8.879873591333881
239,-19.130266258666133
240,-40.74826278366615
241,-52.69431845866617
242,-62.29677163366618
243,-70.43792210866619
244,-88.5231634086662
245,-114.1992137336662
246,-141.4117350586662
247,-167.6648090586662
248,-186.3625456336662
249,-201.1313076086662
250,-218.29007927116612
251,-238.66155825866613
252,-259.21461429616613
253,-283.26606413366613
254,-301.88810430866613
255,-317.0604023086661
256,-337.55590855866603
257,-352.47428813366605
258,-372.53327675866603
259,-386.09787490866603
260,-384.50302323366606
261,-370.44913645866603
262,-333.080882283666
263,-281.20156215866604
264,-209.46309535866604
265,-121.18869788366605
266,-15.163957633666053
267,95.12012631633395
268,208.24632431633395
269,311.86020889133397
270,373.7252062383178
271,429.92930758530173
272,469.9745772072856
273,512.9827667042695
274,578.4390542292693
275,639.4703466292694
276,696.6245901167695
277,746.4955580292694
278,792.6203471667694
279,838.7489206042694
280,911.3339681697855
281,979.4029741603017
282,1043.5269652174843
283,1097.2170620330005
284,1114.5251901830006
285,1123.2031292080005
286,1123.268008353834
287,1117.076899691334
288,1106.3892420038337
289,1093.7525636663338
290,1080.6730413413338
291,1069.588940766334
292,1061.000391824667
293,1054.4383114996672
294,1050.8405234746672
295,1048.5936737996672
296,1050.6114741538338
297,1057.620388291334
298,1069.823488053834
299,1108.8049731123733
300,1147.2420951084127
301,1182.1912666544522
302,1212.3160054754915
303,1215.5301040004913
304,1215.7657384004915
305,1213.6745956254915
306,1208.7274469254914
307,1201.3460466754916
308,1192.7761946254916
309,1160.1533634044522
310,1128.8272579084128
311,1099.8741293623732
312,1074.426740416334
313,1075.466650091334
314,1077.8964141580007
315,1081.133893208001
316,1083.8512139455008
317,1085.8129416080005
318,1062.2517129883179
319,1024.4264197025436
320,984.5085279042696
321,943.0323125809953
322,923.8249650482372
323,915.1745776232372
324,905.3698426065706
325,894.7775377815706
326,883.5225613065707
327,872.2304856315707
328,884.7176513137534
329,909.2059502870276
330,936.1042273603018
331,965.3092153085761
332,973.0374561163342
333,969.5542949038341
334,964.3809891413341
335,956.7742576788339
336,948.202697741334
337,940.1642983663339
338,934.326524628834
339,930.8963826913339
340,926.6904404038339
341,920.6627205163338
342,913.1526923413337
343,905.599607553834
344,900.8816183413339
345,899.591156341334
346,899.9811546663339
347,901.1873417038339
348,901.7785580538339
349,901.2908557413339
350,899.2949518788339
351,896.2023751663339
352,891.9872765913339
353,886.795915991334
354,880.746302441334
355,874.276622994718
356,867.1539594435437
357,858.4215971673696
358,849.2480282161954
359,838.1635863866373
360,827.5728523616374
361,817.0414709366373
362,805.6046103241373
363,793.3813996866372
364,779.5303162741374
365,763.3209413707534
366,745.8877785094276
367,727.7237308481018
368,708.523237499276
369,692.489350241334
370,678.0726966538341
371,666.3338698913341
372,657.1845641788341
373,651.311099116334
374,649.418621778834
375,628.2793118008178
376,612.9185108353017
377,600.2320787697856
378,591.4612040917694
379,607.7978079792695
380,624.3788593417694
381,654.5471554897891
382,710.3522711213482
383,766.2857440529073
384,845.9468832305058
385,935.2366916381009
386,995.9981550496562
387,1053.539858736212
388,1080.5726553767279
389,1077.202158651728
390,1069.1229313267281
391,1042.7641676412084
392,987.1196344346492
393,927.9038731530902
394,840.4679845754918
395,764.3681059084128
396,713.3701538623734
397,665.179611391334
398,646.2965326288339
399,633.824613741334
400,627.594376978834
401,651.1620925123733
402,679.0662897084128
403,707.7153457169521
404,735.7414466254916
405,737.8090388379916
406,739.8549097254916
407,742.2393779504915
408,746.6717990879916
409,753.0501968004916
410,732.1971136224754
411,710.4622162944593
412,710.8389352249826
413,712.5999597180058
414,744.8920709765453
415,783.1912698850846
416,802.6707964975847
417,823.7868508225847
418,868.261917268624
419,908.2979212646635
420,997.8511288222584
421,1061.2324124338138
422,1074.8693282907907
423,1087.569297397767
424,1046.3797434181884
425,1026.129036847149
426,1025.247306759649
427,1023.0333834221492
428,995.1603355636096
429,967.6568291675703
430,915.8519686504915
431,864.9686021084128
432,840.0740361748734
433,816.570390466334
434,819.8596898538341
435,822.782509778834
436,837.5899818643538
437,876.333837170913
438,912.595775502472
439,947.702840221531
440,968.4753153925706
441,962.1201281425707
442,956.4912194175706
443,951.0306032925706
444,946.3734169675705
445,943.0953147675704
446,926.2275548195508
447,882.6878212504917
448,839.5082079564327
449,771.2357265968574
450,716.2605161853019
451,688.4312378947857
452,659.0803338292695
453,652.4143038792695
454,643.7400739042696
455,631.6288227917696
456,617.8069725042695
457,604.3190533317695
458,590.8694135392695
459,604.2241629197855
460,620.6199200853017
461,639.1429435358178
462,661.1854893813339
463,662.0109789413339
464,665.6361046475838
465,673.330621828834
466,685.5219868538339
467,700.8413046888339
468,717.987424587584
469,734.546765766334
470,749.3595611788339
471,762.957881731334
472,775.720647438834
473,788.2814606413341
474,800.6695330350841
475,812.914076316334
476,826.152495078834
477,838.2764033163342
478,849.698084272584
479,860.596522016334
480,869.6497508163341
481,878.293614041334
482,884.880641703834
483,889.293391291334
484,891.4454913163339
485,889.883105641334
486,885.0928809830008
487,879.0225448580007
488,872.8746532205007
489,868.8109259330007
490,867.212957078834
491,865.2900913913342
492,970.9193978050116
493,1075.2419694186892
494,1179.6032251573665
495,1286.1507840710442
496,1285.3956072293777
497,1285.5198259293777
498,1284.1918924043778
499,1279.7422987543775
500,1272.5009582460443
501,1263.4117091460444
502,1145.5416924073668
503,1027.4363039936893
504,908.2810997425119
505,787.1005216163342
506,776.2153802038341
507,767.1510765288342
508,762.0396318663342
509,761.5117794621675
510,762.0253613746675
511,763.5791960746676
512,767.1205404746676
513,772.1860773413341
514,765.2232861062249
515,733.4060246008974
516,697.0884414955699
517,658.0652064277423
518,631.1708611950238
519,629.6096276741905
520,632.8328105116905
521,640.4361402218244
522,649.2007123620251
523,658.3016118355594
524,680.7890095483693
525,729.4348488712639
526,779.3189772140914
527,830.2712786319189
528,865.9078244271374
529,871.9805281771374
530,872.0604460021374
531,865.9177788420035
532,856.2454840018027
533,843.3230318866019
534,852.8601374424404
535,873.4030908939327
536,893.4559444504918
537,913.1744200070509
538,909.6018172675706
539,894.5311911363206
540,879.8901030675704
541,865.4918872300705
542,850.5429103425704
543,861.5119145823599
544,849.3501157386099
545,825.5381864780902
546,802.9191838259037
547,755.7444125443448
548,732.668376408825
549,722.735677390075
550,713.4700348004917
551,704.4253633879916
552,695.9950607504918
553,663.3601356357024
554,630.6895015834128
555,598.7739119123736
556,565.6940184080008
557,554.6339634080008
558,551.1973589935205
559,565.5128813500796
560,551.822051724456
561,536.543497140499
562,509.23281877102215
563,458.707525955506
564,431.731532880506
565,390.6111326227479
566,323.45800559947367
567,258.42699962619946
568,187.14756827990556
569,114.0846640203303
570,99.58167084178734
571,93.54256677574439
572,106.82426133272114
573,148.41097269823726
574,171.05875149823726
575,210.58992389349532
576,278.8065852959362
577,349.48652654421045
578,421.3369269549847
579,483.44390733300077
580,520.8573862788342
581,556.8895825788342
582,590.9659705663341
583,617.8759750913341
584,638.9950815663342
585,656.5258480977179
586,670.0148546624353
587,680.0476043813192
588,686.402481875203
589,686.207704275203
590,683.1746933668697
591,678.6697005668696
592,672.7847546668696
593,646.7839860013535
594,624.2988383108374
595,607.7649207764374
596,598.0320002670373
597,616.5102159481535
598,636.3228424209362
599,654.2734950459362
600,667.6871765459362
601,676.2433606209363
602,680.2529838542695
603,703.4291393447857
604,721.2290931103018
605,733.6410028508178
606,742.2938312038341
607,727.2790367913341
608,715.5436244371674
609,708.2300254996674
610,706.1627654996674
611,712.2590140730513
612,724.7604008131018
613,742.3834580864858
614,763.0909900973696
615,780.2634276848696
616,796.1889494348696
617,813.3253586348696
618,831.9900050223698
619,853.4559189598697
620,875.9176406598697
621,896.0632653364858
622,914.294674713102
623,959.1921367607574
624,1026.6774771227442
625,1114.1789664407388
626,1214.684858897149
627,1292.6744185517277
628,1347.4326993669752
629,1408.3672061956381
630,1457.1714175358854
631,1498.1955160819248
632,1537.9227164029642
633,1524.9395181069249
634,1490.179288409054
635,1440.3299289785596
636,1378.6321431971492
637,1336.1008985175704
638,1311.4448922523231
639,1275.15305577366
640,1246.9416494459126
641,1224.0134357123734
642,1201.8265757413342
643,1206.220404466334
644,1211.630098516334
645,1216.7737400913343
646,1221.274548078834
647,1224.5752666913343
648,1227.8290748413342
649,1230.0541089163344
650,1232.0315504038342
651,1232.7911173913342
652,1230.7819003413342
653,1250.8648413873736
654,1267.550689808413
655,1280.8514046044525
656,1292.8631145504917
657,1279.2435598254917
658,1265.8745121379918
659,1254.8614599504917
660,1245.0767762129917
661,1236.7425265504917
662,1230.1595958254918
663,1199.5411496544525
664,1170.4254753084128
665,1143.0707747623735
666,1116.4738431663343
667,1138.9725702873736
668,1160.956343595913
669,1183.3051594794524
670,1205.6854793379919
671,1204.1277179504916
672,1204.6740583004917
673,1206.0306786504916
674,1209.1711247004919
675,1214.2196173504917
676,1219.4144236504917
677,1200.2871090794522
678,1180.9552235584129
679,1159.9029990873737
680,1138.440094266334
681,1141.4309305913343
682,1143.3313257913342
683,1145.3764188163343
684,1145.4533596413341
685,1143.0559649113343
686,1138.8206502713342
687,1133.3598407913341
688,1126.843357741334
689,1118.4858892213342
690,1108.7194221488342
691,1097.720291891334
692,1087.9509191038342
693,1080.959972691334
694,1078.5402452913343
695,1080.4923307463341
696,1085.402820211334
697,1117.1731831373736
698,1149.500342558413
699,1182.7601925244523
700,1216.313816667992
701,1224.3914046004918
702,1229.3902994879918
703,1230.3982923504918
704,1227.7012690130587
705,1223.5550403757595
706,1219.5424292643443
707,1190.3960151448314
708,1159.708732412752
709,1127.1968309055383
710,1091.7203846974407
711,1079.7266156974406
712,1068.1582363474408
713,1081.1142933184801
714,1094.2702277019528
715,1106.9058677102912
716,1119.1755917302457
717,1107.122598416219
718,1097.4424601897595
719,1113.101823309473
720,1130.4295869925704
721,1148.5117058636101
722,1166.1423501096492
723,1135.1471134136098
724,1103.1863602175704
725,1068.8423073715312
726,1031.9350927129917
727,1016.9096245754918
728,1000.4794892129918
729,959.7643127294523
730,919.502862108413
731,905.8048456584129
732,893.078236108413
733,905.4386577544523
734,919.4820051421584
735,910.6497703671582
736,904.5723381171583
737,903.0209603171583
738,905.1987702254917
739,885.9990667599756
740,868.2053474694594
741,823.4870965079039
742,776.9536250463483
743,752.774030025309
744,726.5605538376028
745,747.5881245836424
746,778.8562183277014
747,808.4325332217604
748,835.2480351824863
749,860.2621299960222
750,871.9317739365382
751,883.2436861270544
752,895.2954335425705
753,885.0731659425707
754,876.0262216175706
755,844.1712831965311
756,803.6446849024721
757,767.4433373834129
758,735.8691152393538
759,733.4850556663342
760,747.0826561163342
761,762.3815623413341
762,779.4346676913341
763,797.2983335163342
764,816.1369341913341
765,835.762758116334
766,852.6656479913341
767,864.3564914913343
768,869.9936728413343
769,868.8829815663341
770,862.7925195163341
771,852.6970396913341
772,838.6460407663341
773,823.0655954163342
774,808.178036541334
775,770.860933650818
776,718.1971583049148
777,655.1062657887535
778,587.4333676624631
779,546.3361837766889
780,525.0291020463018
781,518.5917109361727
782,519.0116566361728
783,516.8965433361727
784,509.7396396361728
785,520.7751973016889
786,547.9634081975921
787,587.6122629887534
788,637.3253795900439
789,668.1634668508179
790,686.0887874812051
791,673.117749675818
792,659.8351681103019
793,652.8773502697857
794,662.9864385397893
795,727.6007685213484
796,793.2196510279075
797,858.9684061735336
798,911.1097839617738
799,933.0005096289746
800,949.0024917961753
801,982.7221572648253
802,1009.4476737303415
803,1032.6632694208577
804,1042.853305625854
805,1001.2255479692951
806,957.7984667377359
807,911.4616006421098
808,873.9206123788697
809,861.1858985866689
810,849.3616619444681
811,839.2852716913342
812,831.3061127663341
813,823.2603826413342
814,814.0529527413341
815,805.4210880663342
816,798.005719966334
817,792.351443191334
818,788.200464891334
819,783.8426307663341
820,780.3687653413341
821,776.591370441334
822,772.1984772663341
823,779.0632937018538
824,809.2393508334129
825,839.117195289972
826,869.452350096531
827,888.0492411425705
828,881.6237036925706
829,875.7129139675704
830,870.0935214675707
831,866.5390703925707
832,866.7788775675706
833,857.1718798820509
834,825.0401244754918
835,792.0927078689326
836,757.1299781623736
837,732.7841382413342
838,732.6106567913342
839,731.7710473913342
840,728.6306635913342
841,723.630409333968
842,714.9324918979189
843,703.2448809618697
844,690.2045102008204
845,676.8912150971375
846,663.9110696971375
847,652.8162249221375
848,643.0612523471375
849,635.3317814471376
850,630.4748201721375
851,627.3696374795037
852,627.0764678655529
853,628.399658639102
854,630.5766999376513
855,610.8193341133181
856,592.1169958853019
857,572.8655624197856
858,553.9557436042696
859,557.3757036792696
860,560.2921805042696
861,562.8205531792696
862,564.7920057542696
863,567.1442729417696
864,569.3377968542695
865,595.2500563572858
866,620.8495510978019
867,646.932873950818
868,672.7554725288342
869,674.8948472913341
870,676.6389430913341
871,677.9791542288342
872,679.0108760913341
873,680.5644586538341
874,682.4797145163342
875,683.2304658163341
876,682.8239976788342
877,680.1447572413341
878,673.8660520538341
879,665.1140892163342
880,653.6636873663342
881,639.5606041538342
882,649.5743750373736
883,659.1710218610468
884,668.3993434031428
885,678.15644900445
886,663.0125574097177
887,647.8934268248516
888,634.5986010215629
889,622.4945593465629
890,611.1616578465628
891,600.7325794090629
892,565.0419508005234
893,528.30353230185
894,468.446518619238
895,479.5108257633271
896,586.6580987257823
897,670.0634051128552
898,777.377621758867
899,814.1803417281776
900,780.8108338751615
901,772.6073786751615
902,764.8992411251616
903,756.8198278376616
904,771.2743541156777
905,714.7342088952814
906,588.9366397775584
907,490.17948317535155
908,371.22658173262846
909,324.96161396331786
910,349.776240316334
911,351.897197328834
912,355.38137746633396
913,362.660713141334
914,373.41071146633396
915,385.346129141334
916,396.992576916334
917,407.88291699133396
918,417.30116199133397
919,427.26237829133396
920,439.193798691334
921,451.14002591633397
922,463.9557057163341
923,475.150879091334
924,484.0122644663341
925,492.14331605383416
926,499.28263344133404
927,504.5790481788341
928,508.6051213913341
929,510.51759634133407
930,510.1417614663342
931,508.6945823913341
932,504.73705291633416
933,553.9463905287618
934,602.4076486661892
935,649.6243310411168
936,697.4194729535444
937,692.0173110785444
938,687.0591508785444
939,683.6773700660444
940,682.0122957160445
941,679.1128858160445
942,677.2350753910445
943,621.2413831536169
944,564.5701000661893
945,509.0941221037618
946,452.72556017883414
947,450.7224742413341
948,448.8850953038342
949,446.8931050038342
950,445.0927652163342
951,445.22246580383427
952,446.0481700913342
953,447.2890717038343
954,449.6962070413342
955,450.54734285383427
956,450.73735744133427
957,449.64918409133435
958,447.7895979913343
959,445.09061932883435
960,439.95015619133426
961,433.0419219962181
962,423.92022222610206
963,413.684302330986
964,404.3344470608698
965,396.8919432483698
966,390.4918179733698
967,384.2356473108697
968,377.35067228586973
969,368.94483898586975
970,363.3140935233697
971,360.5436075434858
972,360.4913565011019
973,363.35791658371807
974,365.7650800663342
975,368.19114089133416
976,371.6364679788342
977,376.22044954133423
978,381.81451746633417
979,389.0804775413342
980,395.5852207788341
981,400.8993915538341
982,405.23936191633413
983,408.6715734288341
984,413.04584011633403
985,418.0097331913341
986,422.26807969133404
987,424.6963172913341
988,425.1865471913341
989,423.1995164038341
990,418.4929884413341
991,411.06497941633404
992,400.9135054413341
993,388.67944767883415
994,375.1420896746675
995,361.4819794996675
996,349.17668172466745
997,338.8165897996675
998,330.09904441633415
999,324.08139597883417
1000,320.6206113413342
1001,320.4930782411511
1002,325.229834790602
1003,331.5224852148698
1004,337.7219705558042
1005,341.903302467755
1006,342.592605730072
1007,341.25163159673866
1008,339.340811930072
1009,336.425019455072
1010,335.02205660507207
1011,335.0734953010884
1012,334.9633681391376
1013,336.41055316486984
1014,336.657964565602
1015,337.0319556786512
1016,338.6315195913342
1017,340.98131027466746
1018,344.67790272466743
1019,349.32919057466745
1020,353.1057907496675
1021,356.08041206633413
1022,358.6105006913341
1023,359.8990172663341
1024,362.6883693663341
1025,392.47026243737355
1026,423.2472208084129
1027,455.19361280445236
1028,487.97942005049174
1029,495.81463812549174
1030,503.02613450049176
1031,508.86070915049174
1032,512.8762703754918
1033,515.1303036004917
1034,516.7678661254918
1035,492.09316407945244
1036,465.893933433413
1037,437.02291656237367
1038,380.7273856258181
1039,347.718907760302
1040,313.3548895072858
1041,278.6295333792697
1042,268.3045364917697
1043,258.11444709176965
1044,247.7858015292696
1045,238.50229980426965
1046,231.70702487926965
1047,228.96347236676965
1048,253.62620534478575
1049,278.66516596030186
1050,303.25264596331806
1051,326.2290786038341
1052,324.12131422883414
1053,322.90624974133414
1054,323.54968749133417
1055,324.1516527913342
1056,324.7770069913342
1057,324.6204490663342
1058,322.5108840163342
1059,321.63000139133425
1060,322.1398232913342
1061,325.7433625663342
1062,330.5059453413342
1063,334.5184825288342
1064,336.7318255913342
1065,337.4927854288342
1066,338.0966706413342
1067,338.7818501913342
1068,341.00355354133416
1069,343.29380934133417
1070,346.0570059913342
1071,339.69129879032886
1072,316.4862071373127
1073,268.7950120562804
1074,219.91256637524816
1075,155.5593835047051
1076,90.79212139249543
1077,42.379941248963156
1078,-4.779060869569131
1079,-28.030155651751954
1080,-36.875615773590695
1081,-32.609124510085344
1082,-16.480901994569212
1083,21.102250428129736
1084,58.764475952795905
1085,112.39107592947285
1086,166.46615811781643
1087,204.0396311774826
1088,239.56049837851486
1089,250.5807947606977
1090,246.50974001253638
1091,236.42134382753642
1092,229.83760893253643
1093,225.43711926586974
1094,221.33628917223587
1095,216.77072960360192
1096,209.76361558996805
1097,187.0125815035761
1098,135.77743131030186
1099,78.41221683702766
1100,20.226490777774252
1101,-20.375244420679422
1102,-28.67263794307533
1103,-27.415594603679597
1104,-21.85068004526305
1105,-17.831448024346507
1106,-15.027792940929956
1107,-36.54640395006443
1108,-31.91187648118278
1109,-23.153229587301112
1110,-16.02462903119027
1111,8.74857533567996
1112,0.7918548489924234
1113,-16.009491994486755
1114,-35.780614725736754
1115,-52.20514738198674
1116,-65.07816341323675
1117,-37.989592844177665
1118,-9.327848600118568
1119,20.0076091689405
1120,48.51639348174958
1121,39.37689063174956
1122,29.866894419249558
1123,19.532360506749562
1124,10.240385750499584
1125,37.07768804877381
1126,81.95287291493514
1127,126.67570255609648
1128,170.8428947347578
1129,179.96644462764496
1130,174.43313576514498
1131,170.379816058895
1132,167.374110490145
1133,165.92723390889498
1134,164.63150017764494
1135,128.52405781687068
1136,77.29393387570937
1137,27.252947234548042
1138,-19.74730776911327
1139,-28.19101434950038
1140,-19.43693938700041
1141,-8.382346074500429
1142,-0.9620025995004309
1143,1.7957305254995852
1144,1.7475369504996145
1145,-3.4001822120003724
1146,-10.421580212000382
1147,-17.155523087000415
1148,-24.765368799500436
1149,-33.51317423075045
1150,-41.39831781200045
1151,-49.96850046200045
1152,-53.361792512000456
1153,-52.65978769325047
1154,-50.609369137000485
1155,-45.641330512000465
1156,-42.365230537000436
1157,-39.695767218250396
1158,-36.44837458700037
1159,-71.26837846855946
1160,-105.26211425011857
1161,-138.60535360042766
1162,-172.03484988823678
1163,-166.85966448823677
1164,-198.67741779479587
1165,-230.815484863855
1166,-262.1040571204141
1167,-292.98000444572324
1168,-285.2824375644733
1169,-239.12806665166417
1170,-194.205052113855
1171,-150.4043096010459
1172,-108.88053288823676
1173,-105.30793276948673
1174,-63.516775769177606
1175,15.748445935655713
1176,95.53103950298903
1177,174.20410598282234
1178,213.91545119359654
1179,216.33883465609657
1180,219.17088215609655
1181,223.02206896859653
1182,228.35154320609655
1183,233.65793124359652
1184,239.3290258810965
1185,210.39660023282232
1186,184.8507585595481
1187,145.74368328924433
1188,73.40567481238148
1189,39.13996308379279
1190,5.560191730204113
1191,-8.790016776355015
1192,17.142509573644965
1193,49.14268944864496
1194,81.38726577364496
1195,107.41992199864497
1196,124.77794869864495
1197,149.0485775331745
1198,202.86513596176312
1199,256.5591971528518
1200,309.8076163689405
1201,343.6875246004996
1202,338.0818884379996
1203,326.42992421299965
1204,311.57052391924964
1205,297.4967478879996
1206,284.44336591299964
1207,274.64730773799965
1208,266.6446115567497
1209,259.0038821220488
1210,288.8404971418721
1211,319.8036651616955
1212,352.0940238315188
1213,384.882538292293
1214,385.024115623543
1215,390.21623614229304
1216,400.087796667293
1217,416.330021854793
1218,436.708554398543
1219,459.238666070744
1220,447.23444686342043
1221,434.9281710435972
1222,420.1973364737738
1223,405.0153182122987
1224,423.60874987409795
1225,438.55984373589706
1226,450.51870681019625
1227,456.3908931976963
1228,458.72499360394625
1229,457.38215649769637
1230,454.3265175039463
1231,449.6684753476963
1232,442.7846376226964
1233,433.5105013983972
1234,422.3822400740981
1235,409.8255058747989
1236,397.5309217629997
1237,387.00470907549965
1238,376.31165069424964
1239,366.6983453004996
1240,356.5681275692496
1241,346.56529306299956
1242,339.8458730754995
1243,335.7710250879996
1244,336.0331738254995
1245,341.9159536254995
1246,352.0631550504995
1247,366.23660675049956
1248,383.2322943129995
1249,399.3775355942495
1250,414.2256996129995
1251,429.13198255674945
1252,442.3011885504995
1253,453.5970976254995
1254,462.37720735049953
1255,467.05551276299957
1256,468.33298461299955
1257,468.0988714004996
1258,468.23754916299947
1259,470.89229016924963
1260,475.1525364129996
1261,479.4956439692496
1262,483.50146058799965
1263,487.4203404129997
1264,494.0262687004996
1265,503.9213687067496
1266,515.4907423129996
1267,525.5658237192496
1268,534.0129415254996
1269,539.6981557629996
1270,545.8146879879995
1271,551.3752564629995
1272,556.6469393754994
1273,563.0622125754994
1274,567.5555634879995
1275,573.9551912192494
1276,583.2076094004995
1277,595.7376510317494
1278,610.4647276254994
1279,627.5964120504995
1280,645.2293909254995
1281,664.9160246379995
1282,688.2849715254995
1283,713.5788190629995
1284,738.7620114879995
1285,762.6668452254996
1286,785.3805523817496
1287,809.2244030754995
1288,834.7673358692495
1289,860.2626819504997
1290,883.7311044317496
1291,902.7866285379994
1292,916.969152170399
1293,926.7796866050978
1294,933.3193351210466
1295,933.0831337619953
1296,926.9236869080445
1297,915.0952201017947
1298,898.5032643830446
1299,880.8409840767945
1300,863.3199619955445
1301,847.1517809517943
1302,833.6261131318948
1303,824.0326307221961
1304,819.6136751562474
1305,820.7590750402985
1306,823.0810396254994
1307,825.3065136879995
1308,824.5135607192494
1309,818.6327570379995
1310,810.0951834609647
1311,798.1101447339297
1312,779.9781114256449
1313,754.27892259236
1314,757.9829085781341
1315,753.8342097639083
1316,745.9951217371824
1317,735.0931974048809
1318,686.7891453680551
1319,639.9112486312292
1320,595.2528808651882
1321,557.1991987922231
1322,527.420989400508
1323,508.02417731896713
1324,458.8525536808671
1325,415.2761081677671
1326,376.4962173046671
1327,341.4243976994687
1328,347.75519318004456
1329,355.83981273562034
1330,362.88572672869617
1331,364.33713850369617
1332,322.8694436971371
1333,274.20487220540383
1334,221.61191310117056
1335,167.0616870594373
1336,146.37069423676314
1337,124.67648546176312
1338,98.92249398676312
1339,72.58331658676312
1340,48.974055599263096
1341,31.076932949263075
1342,56.728261380822154
1343,88.49894241238124
1344,124.19619189394032
1345,165.43286311299943
1346,175.5206404442494
1347,188.86032931299945
1348,206.74333274424947
1349,222.8991638379995
1350,234.1351362504995
1351,240.18605858799955
1352,240.64745163174956
1353,237.0171162129996
1354,231.51121180674954
1355,222.80915037549957
1356,211.88880453174957
1357,200.4699667254996
1358,189.77976104424957
1359,182.60530355049957
1360,182.75776883799952
1361,187.96530938799953
1362,196.18490890674948
1363,207.83501266299945
1364,219.76749689424946
1365,232.01466402549948
1366,244.28906255049947
1367,254.45575017549942
1368,260.6539743504994
1369,265.6492187629995
1370,266.8826494504995
1371,266.39630583799953
1372,302.3271180237738
1373,361.2087027000641
1374,434.0922927841125
1375,510.18959641816093
1376,551.7154458789352
1377,573.3463551866932
1378,551.5647261551342
1379,532.863134173575
1380,519.5011594170157
1381,508.5292593479568
1382,496.04781272468256
1383,454.92680716089217
1384,394.5393284643438
1385,325.6976530240454
1386,287.69398455702117
1387,267.67751559301314
1388,289.8972824933222
1389,306.74567413738134
1390,317.9097292501905
1391,328.02468653799957
1392,304.4563964942496
1393,286.3885778004996
1394,275.13216127549964
1395,270.5588871567496
1396,271.57011941299965
1397,275.9487054567497
1398,283.29325760049966
1399,292.0136849504996
1400,299.0701430317497
1401,303.3257822129997
1402,305.69096663174963
1403,307.80427767549963
1404,313.29571926299957
1405,322.46947105049964
1406,329.3316187379996
1407,331.3622714129996
1408,324.74396105049954
1409,309.42804810049955
1410,289.7145511129995
1411,268.2512974879995
1412,246.63516637549952
1413,223.75498786299949
1414,197.21830287549955
1415,164.97744886299955
1416,131.67971586924955
1417,101.83948025049953
1418,78.59822005674953
1419,64.39875755049952
1420,55.21316592549954
1421,47.30443163799956
1422,40.22530752549958
1423,32.52570050049959
1424,24.379732212999592
1425,18.411656881749586
1426,14.363339581749594
1427,9.522365281749591
1428,4.256609619249581
1429,-3.162325074500451
1430,5.832309980886616
1431,51.511203584547886
1432,95.07074051320917
1433,137.77342171687047
1434,160.93096644639468
1435,146.38598912139466
1436,133.21396269639465
1437,124.30460867139466
1438,119.96230365264469
1439,119.9605290776447
1440,123.5661418713947
1441,127.91882025264472
1442,132.99516737139476
1443,138.44901926514473
1444,143.14806360264475
1445,145.95998805264472
1446,145.2692526213947
1447,139.35984574014472
1448,128.8408748651447
1449,114.32144745264472
1450,79.87405110975763
1451,9.994412131096317
1452,-57.45903904131499
1453,-122.23237770122628
1454,-165.17046034325045
1455,-168.28089981200043
1456,-169.23871862450042
1457,-167.5653569120004
1458,-162.4427804495004
1459,-153.87638511200043
1460,-142.52019428075042
1461,-129.57730798700044
1462,-119.02614088700048
1463,-110.4282589370005
1464,-103.95175944950056
1465,-98.51763193700057
1466,-92.60273454950058
1467,-87.16900247450059
1468,-81.78367633700057
1469,-77.31853969950055
1470,-74.22709039950054
1471,-72.90841148700054
1472,-71.77404451200054
1473,-71.25691584950053
1474,-70.31236768700049
1475,-68.63367801200047
1476,-103.06531408105957
1477,-135.70442701261868
1478,-131.9816101709036
1479,-108.74113564880136
1480,-47.81121112014002
1481,51.334986606795496
1482,117.3412687729568
1483,166.310435814981
1484,214.34528816950524
1485,224.51369867575517
1486,266.7829658635643
1487,303.9944751701234
1488,300.5382052721583
1489,273.01077151880605
1490,205.3457577963947
1491,98.9886333944592
1492,27.280899134547894
1493,-26.0616079699763
1494,-77.33134386200052
1495,-92.38294524950052
1496,-105.53903533700051
1497,-115.87624423700053
1498,-124.19949263075057
1499,-127.34717694950056
1500,119.5274903925236
1501,292.4396664657978
1502,391.557389707822
1503,415.18135553109624
1504,400.6752361310962
1505,387.6653753748462
1506,375.56905344984625
1507,364.41301809359624
1508,355.9577104623462
1509,348.5830032435963
1510,95.42459499532211
1511,-83.50799546545211
1512,-190.8454390387263
1513,-226.78175389950053
1514,-228.78925024950058
1515,-230.76666139950058
1516,-230.51813391825058
1517,-228.04634997450057
1518,-224.46820653075056
1519,-220.10117980575063
1520,-215.21710377450069
1521,-207.93267927450069
1522,-197.58634688700073
1523,-183.43522296825077
1524,-168.64420478700077
1525,-155.93799143700076
1526,-146.36905797450072
1527,-141.61828512450074
1528,-139.30682086200073
1529,-139.94854563075074
1530,-143.08667033700073
1531,-184.5113496810598
1532,-245.29727840339837
1533,-306.45568991948693
1534,-365.21655637307555
1535,-385.1674348638551
1536,-384.7338445638551
1537,-381.1538150013551
1538,-376.2109774826051
1539,-368.481101488855
1540,-358.684794332605
1541,-347.149270326355
1542,-316.4082361855755
1543,-286.56168436979607
1544,-256.2912649165165
1545,-226.69018041323702
1546,-213.64091023823704
1547,-197.36175220073702
1548,-182.41607850698705
1549,-167.8924019507371
1550,-156.5604606069872
1551,-113.84821105667815
1552,-71.66030613761909
1553,-30.227630593559933
1554,12.131256175499175
1555,56.8380595612734
1556,119.52743590243468
1557,181.50367654359593
1558,242.35515699725724
1559,263.58278874014434
1560,266.01695427764434
1561,268.8592961401444
1562,269.8084030276444
1563,309.23216111341856
1564,348.38619231169275
1565,348.4847727241927
1566,327.56001355630553
1567,264.01644852764423
1568,196.6578878989829
1569,163.36535333109578
1570,148.4936514060958
1571,136.3131909810958
1572,126.89859398109584
1573,82.03864389532164
1574,55.43347935868451
1575,66.40595064532162
1576,80.20101066945877
1577,139.11466619187013
1578,189.82739671514432
1579,211.14279369014434
1580,234.72145021514433
1581,256.3990187026444
1582,274.4380090901444
1583,288.71389590264437
1584,281.5424690160073
1585,235.35149883109602
1586,185.6287860086847
1587,130.7462497987734
1588,91.53182076299922
1589,85.21339487549922
1590,78.08918691299928
1591,71.3948588504993
1592,64.28459437549932
1593,59.405733937999365
1594,57.341673825499356
1595,58.98558266299938
1596,63.14067797549937
1597,104.01239097377356
1598,141.42341605954772
1599,177.20293277032187
1600,-132.9526946944456
1601,-362.34523347052897
1602,-472.2802959971539
1603,-465.9881811868205
1604,-461.9764679639869
1605,-461.6251139286536
1606,-463.70523235582004
1607,-503.55378544376083
1608,-542.4838415192014
1609,-580.4637138696422
1610,-273.61994851954125
1611,-48.20567432062448
1612,57.33481704133394
1613,44.27683626633397
1614,30.269924666333985
1615,15.076060416333984
1616,0.47366724133398747
1617,-15.060054958666024
1618,-32.81889740866605
1619,-50.560770558666036
1620,-69.62938715866605
1621,-88.60143007116605
1622,-106.14379940866608
1623,-123.41127212116609
1624,-138.64948270866608
1625,-149.5028734836661
1626,-157.17447053366612
1627,-160.9591759086661
1628,-161.3608846336661
1629,-161.12378760866608
1630,-159.0273069586661
1631,-162.7035867305048
1632,-179.82534644602094
1633,-217.91229195205324
1634,-265.9912450658436
1635,-306.17704858279524
1636,-331.6893710435694
1637,-334.7339691638275
1638,-325.3979911763275
1639,-314.0919172888274
1640,-300.57838088882744
1641,-277.7135873419887
1642,-239.37645505147265
1643,-177.97074469544037
1644,-105.59916278165001
1645,-42.457024639698375
1646,3.86175657107583
1647,25.872859216333882
1648,34.08264525383386
1649,40.50698941633384
1650,46.225852441333814
1651,51.0468597913338
1652,31.76591495081768
1653,12.323523510301584
1654,-8.233346130214567
1655,-30.258940052346816
1656,-29.184277833962938
1657,-29.18524249057907
1658,-29.81412217219515
1659,-31.34792147219514
1660,-33.90397619719511
1661,-37.41962115969511
1662,-17.950485581678983
1663,0.7170272963371189
1664,17.843987011853233
1665,34.38670474648548
1666,26.43328235310157
1667,17.954956709717703
1668,9.595820366333829
1669,1.5385015163338494
1670,-6.944030321166133
1671,-3.1937918481464065
1672,25.730722383412672
1673,68.2626703129915
1674,113.85683773007034
1675,149.68265953662942
1676,162.87843725964916
1677,165.41126903464917
1678,169.21514805964915
1679,174.38868250964916
1680,181.19321062214914
1681,176.40012373662938
1682,147.2859722925703
1683,104.04018215049146
1684,58.248453995912634
1685,23.413962414353545
1686,11.968997966333859
1687,13.695887816333856
1688,16.167417753833867
1689,6.785471421075795
1690,-26.87499618969839
1691,-34.17721680443317
1692,-38.31457449416796
1693,-26.353520463644692
1694,13.111622569894735
1695,28.14387605739473
1696,41.909688032394705
1697,52.40326375739469
1698,60.104485619894646
1699,77.5289989276527
1700,130.79718493724988
1701,184.34306742345373
1702,252.64331929142162
1703,315.46283168001344
1704,338.3701554042661
1705,358.0844173519122
1706,360.0845180677942
1707,353.6478145927942
1708,348.0004743927942
1709,343.94449819279424
1710,328.10830931897124
1711,285.8766184725022
1712,225.26156829426913
1713,152.85503297515405
1714,90.75919912986194
1715,54.11526064471589
1716,35.13633626633386
1717,26.780880128833882
1718,19.735979141333907
1719,37.8757708873733
1720,54.67954713341269
1721,69.49466055445207
1722,83.00923150049145
1723,96.34929077153087
1724,112.04842564257028
1725,129.23362620110964
1726,147.15168200964905
1727,140.03249977214904
1728,132.677382284649
1729,101.68163106360964
1730,71.90010759257027
1731,43.39144544653088
1732,15.7903013629915
1733,-10.65081134554789
1734,-35.17543272908729
1735,-69.44079449538472
1736,-126.1985888396983
1737,-169.71925008323055
1738,-213.9983524267628
1739,-248.54555121253702
1740,-259.56137180779507
1741,-256.71451563279504
1742,-251.09083889529512
1743,-241.47955943279513
1744,-231.5802680327951
1745,-211.65991670003706
1746,-169.91445863926282
1747,-119.16277515823053
1748,-70.02183103969828
1749,-34.1669753789241
1750,-22.605829783666035
1751,-22.038112158666035
1752,-21.306845358666056
1753,-21.458272733666057
1754,-21.485481521166047
1755,-19.79713923366605
1756,-13.948792621166081
1757,-2.5684275336660902
1758,11.984062991333895
1759,26.359680816333867
1760,38.22962624133383
1761,21.109761575817696
1762,2.5069117603015685
1763,-15.966435430214574
1764,-33.410180270730734
1765,-25.054956820730762
1766,-18.229225008230742
1767,-13.026432945730743
1768,-9.387067633230753
1769,1.5906173345291337
1770,26.65225240030868
1771,95.69957094738393
1772,189.17496659049854
1773,275.5885271533533
1774,347.94201988068846
1775,375.6411018017279
1776,378.2108929892279
1777,378.5311696642279
1778,377.5186991142279
1779,369.65197350896807
1780,349.15522215568853
1781,310.56342942412937
1782,247.08225022153093
1783,188.16763171169225
1784,139.2370133873733
1785,106.62920177883389
1786,96.90757490383388
1787,87.28498892883385
1788,78.37912775383384
1789,69.9197464288338
1790,60.7584975163338
1791,50.17423754133381
1792,37.97163963300047
1793,24.420343570500496
1794,10.539807808000523
1795,-4.332748604499488
1796,-19.563258671166135
1797,-34.14246185033278
1798,-46.31837558783275
1799,-54.760545200332714
1800,-60.16631372533268
1801,-62.121395683666016
1802,-61.438507800332694
1803,-58.25656402533271
1804,-50.19389960033275
1805,-12.433124979293348
1806,28.586287358412687
1807,70.94904782111874
1808,111.91248114215811
1809,124.6021614171581
1810,135.30961771715806
1811,143.31059907549138
1812,149.9072365504914
1813,155.3991637254914
1814,157.41706272549143
1815,157.35236835049142
1816,154.0623289004914
1817,149.12210075049137
1818,143.71764670049134
1819,138.80810785049135
1820,135.49699510049135
1821,133.75438564215798
1822,133.20944234215796
1823,133.85429614215795
1824,134.46916995465793
1825,108.77630190445186
1826,81.92969262091253
1827,53.47891036237318
1828,23.747272266333788
1829,17.297378391333837
1830,8.86967486633389
1831,-1.2578986753327626
1832,-12.751146625332762
1833,-24.636343975332785
1834,-34.70475463783275
1835,-42.89194060033276
1836,-48.30400541283275
1837,-51.866304125332725
1838,-54.10594347533272
1839,-54.299523396166045
1840,-52.18846423366606
1841,-47.44274552116603
1842,-41.32654920866601
1843,-35.73515143366599
1844,-32.67627263366601
1845,-32.39650996699934
1846,-34.816879541999356
1847,-13.97980097095999
1848,18.638025098099114
1849,51.102013662991524
1850,107.94095214058999
1851,139.39812957214906
1852,132.9144982651723
1853,126.05267677069557
1854,94.78220345517943
1855,63.25596833966331
1856,58.1235591896633
1857,29.758546518623895
1858,-9.494162950435225
1859,-47.95521004449436
1860,-111.85807813459284
1861,-151.49993900365195
1862,-153.65422982167522
1863,-153.5093396146985
1864,-126.70905786168234
1865,-97.02362973366621
1866,-91.62417790866621
1867,-86.50000203366619
1868,-82.25656263366616
1869,-79.29639173366611
1870,-76.96828433366609
1871,-76.29281710866607
1872,-77.87379452116606
1873,-82.36114538366607
1874,-89.36869694616605
1875,-98.53798378366608
1876,-109.90357050866608
1877,-123.79794880866606
1878,-138.2051346086661
1879,-151.8155160336661
1880,-162.5931500211661
1881,-169.64464563366613
1882,-173.30958427116613
1883,-175.73160038366615
1884,-177.14955743366616
1885,-152.67929368762674
1886,-126.82745549158736
1887,-98.24605549554796
1888,-68.9152001245086
1889,-65.23348407450862
1890,-63.73749086200864
1891,-64.79103109117531
1892,-67.78236332867532
1893,-71.5806151411753
1894,-76.3155074911753
1895,-106.87626009554803
1896,-161.43435925710355
1897,-216.08031176865907
1898,-271.0895467052146
1899,-302.16997352073065
1900,-182.70348277073066
1901,-114.75239445406396
1902,-98.06058342906394
1903,-130.77809309156396
1904,-162.28183685406398
1905,-193.0798382082306
1906,-199.1880395052145
1907,-204.21595888969836
1908,-208.3865619908489
1909,-210.71537082533277
1910,-363.19787342533283
1911,-464.4224378503328
1912,-515.0117282586662
1913,-515.5284378461662
1914,-515.5613350586661
1915,-513.8348792961663
1916,-509.7763736253329
1917,-505.04000995033294
1918,-499.3783046336662
1919,-494.2780470836662
1920,-465.09531694596006
1921,-422.5515870644011
1922,-377.8832770995085
1923,-332.05020010544945
1924,-310.43934638242973
1925,-314.7586199776878
1926,-346.86045899679533
1927,-381.9789574200695
1928,-419.09573814334374
1929,-443.95572613385986
1930,-468.96920782156593
1931,-506.011992228125
1932,-543.6576476346842
1933,-582.1926159037432
1934,-596.480172101763
1935,-586.6338449565048
1936,-552.0752764707306
1937,-516.7561213474564
1938,-481.5851494741822
1939,-459.64805932116604
1940,-463.281158358666
1941,-469.200081621166
1942,-476.9641777586659
1943,-486.016784958666
1944,-497.28962808366606
1945,-509.73303170866603
1946,-522.6249234836661
1947,-536.7205954336661
1948,-550.6577880586661
1949,-565.318706846166
1950,-580.616966433666
1951,-595.9882260711661
1952,-586.0151415876268
1953,-574.8137379415873
1954,-561.2723711288812
1955,-544.2391673328418
1956,-549.1585772328418
1957,-551.0475951828419
1958,-550.9936126995085
1959,-548.9178525120085
1960,-545.4635296495086
1961,-539.6656969620086
1962,-557.897047533048
1963,-576.3023312915873
1964,-595.8583661316014
1965,-618.970223484565
1966,-618.4927865539892
1967,-619.0204265484134
1968,-619.3569422363628
1969,-618.6369711238628
1970,-617.7966453113628
1971,-617.5937812238628
1972,-617.7963721738628
1973,-593.0989996403234
1974,-591.3931166324921
1975,-587.0559360700447
1976,-582.5376719825973
1977,-602.9316706411892
1978,-600.9878404240732
1979,-601.2721914115731
1980,-602.3898966365731
1981,-604.2043126865731
1982,-606.3668116990731
1983,-634.0156699326124
1984,-638.4130058006357
1985,-644.559907593659
1986,-652.7082027700155
1987,-638.3671456919994
1988,-650.5094902294993
1989,-663.5493907794993
1990,-675.821786283666
1991,-687.5139551211661
1992,-685.1718586481463
1993,-657.0023451165872
1994,-629.2739653100281
1995,-601.8620829534691
1996,-586.6921034490963
1997,-596.2287024990962
1998,-604.4593822740962
1999,-611.5309050615963
2000,-618.5899713824296
2001,-623.0283109699296
2002,-638.0211260304493
2003,-675.4456343995085
2004,-710.0941274060676
2005,-744.1781646376267
2006,-765.954468971166
2007,-762.161820858666
2008,-758.214915383666
2009,-753.607920983666
2010,-747.7069546586661
2011,-743.3305704919993
2012,-739.7508591419994
2013,-737.6364420169992
2014,-761.4592237950154
2015,-784.3391389396984
2016,-805.8798311927145
2017,-826.4495255623973
2018,-821.3435558873973
2019,-816.3545352623972
2020,-811.7971541623973
2021,-807.7833465373973
2022,-805.6108621873973
2023,-804.6510201373974
2024,-780.3376568968812
2025,-757.1635891771982
2026,-734.4313165491822
2027,-712.2235175044995
2028,-715.3827539419995
2029,-719.9579844669994
2030,-726.2979962669995
2031,-734.2340951461659
2032,-743.119064658666
2033,-764.818869191424
2034,-811.4841516896984
2035,-857.0087231379727
2036,-902.2343286362468
2037,-933.7715174642628
2038,-962.1233666422789
2039,-988.682396507795
2040,-1012.9856354233112
2041,-1035.7531535763273
2042,-1033.8756472721607
2043,-1019.3809474644028
2044,-979.8102529661285
2045,-941.2530003053544
2046,-902.8492559362467
2047,-877.7929953957306
2048,-855.4490654885478
2049,-833.7863914730317
2050,-813.7182478325155
2051,-794.7923727419993
2052,-799.3546412753327
2053,-827.722131015849
2054,-855.384837306365
2055,-882.0684792968812
2056,-908.9770209957305
2057,-911.7349664457306
2058,-914.7996576623973
2059,-918.2285226623974
2060,-921.6588082373974
2061,-925.0172847373973
2062,-929.2359833707308
2063,-922.0115405129725
2064,-939.7824699707307
2065,-958.0738636534886
2066,-976.0415977612469
2067,-1005.8863073017628
2068,-1011.0396780517628
2069,-1016.011007876763
2070,-1020.488717351763
2071,-1025.655725689263
2072,-1032.5936404767629
2073,-1028.9108674565048
2074,-1002.5738949207305
2075,-976.4181820724564
2076,-949.0760370825153
2077,-932.9389455919994
2078,-940.1612540919994
2079,-946.7717233169993
2080,-953.973316558666
2081,-961.289538371166
2082,-967.5171928336661
2083,-972.681436521166
2084,-975.700546958666
2085,-978.0658421086661
2086,-981.4019561503328
2087,-986.7681270547657
2088,-995.4607319430648
2089,-1029.0056757718803
2090,-1074.1018659417869
2091,-1116.7971991239272
2092,-1156.3275508347015
2093,-1170.8573888049596
2094,-1174.0681066424595
2095,-1178.5095504799597
2096,-1183.8383397049595
2097,-1188.6632122755266
2098,-1191.5865791372273
2099,-1171.0161419167453
2100,-1139.709363655172
2101,-1111.1643386230317
2102,-1085.5927434372575
2103,-1083.691714033666
2104,-1093.2050593074741
2105,-1102.0407882788982
2106,-1108.5989184378225
2107,-1113.2539326467465
2108,-1113.9518748693629
2109,-1109.9668690860294
2110,-1103.2092174860295
2111,-1093.2067918360294
2112,-1082.3638664610294
2113,-1072.1175572443628
2114,-1061.6234140330546
2115,-1051.6140256991305
2116,-1042.9771606652062
2117,-1034.8521772562822
2118,-1029.558854233666
2119,-1026.648035233666
2120,-1023.4442481336661
2121,-1020.7633122336659
2122,-1017.190355158666
2123,-1013.7652611836659
2124,-1011.284145258666
2125,-1008.4609177586659
2126,-1005.5580316836661
2127,-1002.155219583666
2128,-998.1994405086659
2129,-994.256183083666
2130,-991.218377633666
2131,-989.036633021166
2132,-987.4657103086662
2133,-985.5257587336661
2134,-982.498399233666
2135,-979.2801694461662
2136,-975.8819805336659
2137,-972.8240293836659
2138,-969.8346991336659
2139,-966.865195558666
2140,-963.8636692586658
2141,-960.611731296166
2142,-956.9909871336658
2143,-952.381539683666
2144,-947.949518033666
2145,-943.9023704961659
2146,-941.047728433666
2147,-940.3783098086658
2148,-941.3139105586661
2149,-943.787558058666
2150,-972.6851686491822
2151,-1015.5204112974563
2152,-1060.4411236957305
2153,-1108.0019360190047
2154,-1131.4800825267628
2155,-1142.1762036517628
2156,-1151.9419309767627
2157,-1160.099806126763
2158,-1168.1320961017627
2159,-1175.8156169517629
2160,-1157.4741476612467
2161,-1124.9917996129725
2162,-1089.7714972396984
2163,-1052.698421091424
2164,-1040.5157207086659
2165,-1041.267563958666
2166,-1042.998118708666
2167,-1045.4788732836657
2168,-1047.435786746166
2169,-1049.494348333666
2170,-1051.929873496166
2171,-1055.3371540586659
2172,-1060.376294833666
2173,-1066.715408233666
2174,-1074.248213458666
2175,-1081.354473133666
2176,-1087.184519933666
2177,-1091.288873533666
2178,-1094.803979246166
2179,-1099.022442883666
2180,-1104.652451796166
2181,-1110.897382008666
2182,-1115.476657558666
2183,-1117.180655096166
2184,-1114.683678358666
2185,-1110.4502568711657
2186,-1106.0914480336658
2187,-1102.574613683666
2188,-1100.394620608666
2189,-1097.7593295086658
2190,-1093.735878533666
2191,-1112.8252656991822
2192,-1131.7226242146983
2193,-1150.9502333802143
2194,-1171.0471605207306
2195,-1167.8135451207304
2196,-1165.4359122707306
2197,-1164.6842921394805
2198,-1165.3529429457305
2199,-1167.8678049332307
2200,-1172.5635806207306
2201,-1153.9651766239645
2202,-1137.4096175396983
2203,-1123.3545343065482
2204,-1110.7450458583312
2205,-1122.9057573756304
2206,-1134.1257917429296
2207,-1143.2044825341125
2208,-1150.4979533778626
2209,-1156.1822364403627
2210,-1159.9632582403626
2211,-1162.4376149341126
2212,-1163.4632639403626
2213,-1163.0393981579964
2214,-1163.8159087031975
2215,-1166.133949960898
2216,-1170.278933593599
2217,-1175.314768321166
2218,-1178.302295571166
2219,-1178.406321508666
2220,-1176.339242408666
2221,-1174.4025533836661
2222,-1201.4637705696346
2223,-1231.9784292232187
2224,-1261.4051445893033
2225,-1290.330300067888
2226,-1290.269905198004
2227,-1287.088352260504
2228,-1284.570735735504
2229,-1281.985237385504
2230,-1278.9809699855039
2231,-1250.2384278144643
2232,-1192.2742046324568
2233,-1130.5013871953329
2234,-1043.5732360871693
2235,-954.9168936415062
2236,-867.9113096232719
2237,-782.2324456976537
2238,-720.784475918075
2239,-685.3917908345355
2240,-676.3528171720357
2241,-693.363725705575
2242,-711.3274395891143
2243,-730.7869596726538
2244,-776.8870587522325
2245,-824.9385105693112
2246,-899.7219830824295
2247,-976.0092220330476
2248,-1028.3062535126264
2249,-1056.648148983666
2250,-1061.0181785086659
2251,-1065.044245583666
2252,-1069.090821733666
2253,-1073.088048196166
2254,-1075.0448831836661
2255,-1075.368156558666
2256,-1073.392077858666
2257,-1068.618653783666
2258,-1062.0859577586657
2259,-1054.579263446166
2260,-1046.165431083666
2261,-1037.834201433666
2262,-1029.288345358666
2263,-1018.8938114086659
2264,-1009.0902492086658
2265,-1000.302350921166
2266,-993.6170979836659
2267,-990.8609941086659
2268,-989.933090033666
2269,-989.6035353961659
2270,-989.9233119586661
2271,-990.850809233666
2272,-992.144453758666
2273,-995.4091284836661
2274,-999.842538621166
2275,-1004.5278379586659
2276,-1010.780528221166
2277,-1017.673860458666
2278,-1025.4621181086661
2279,-1034.037346208666
2280,-1041.511000883666
2281,-1047.140160433666
2282,-1051.421468633666
2283,-1053.2092445586661
2284,-1052.9556370211662
2285,-1050.972203283666
2286,-1046.939225371166
2287,-1041.429655783666
2288,-1035.396843383666
2289,-1028.607872233666
2290,-1022.2866384419992
2291,-1017.2419325919993
2292,-1013.3790163919991
2293,-1012.0553057169993
2294,-1011.661365608666
2295,-1011.821026408666
2296,-1011.6787936086661
2297,-1010.7508858169992
2298,-1010.3834017919993
2299,-1011.4916078419994
2300,-1014.429820808666
2301,-994.6072489042932
2302,-964.4811330021672
2303,-936.1613839339074
2304,-908.6799188239805
2305,-1037.7742467701173
2306,-1178.9212502973407
2307,-1319.6553169323647
2308,-1460.452667625722
2309,-1444.4765845046825
2310,-1415.8830591731235
2311,-1411.343973745937
2312,-1442.54895923202
2313,-1496.4650882552764
2314,-1562.1637452140526
2315,-1471.450979233432
2316,-1345.0970486062085
2317,-1221.0197646378513
2318,-1097.356700869494
2319,-1130.2785938655336
2320,-1174.7940990970924
2321,-1218.7673119036515
2322,-1237.5136063946945
2323,-1231.769649264698
2324,-1213.262297474182
2325,-1194.267548083666
2326,-1198.9878306586659
2327,-1202.091613908666
2328,-1205.079940633666
2329,-1209.7433329086657
2330,-1215.787378583666
2331,-1222.8033098836659
2332,-1231.214534633666
2333,-1237.974835583666
2334,-1243.9857379586658
2335,-1248.6098641836656
2336,-1252.3829424836658
2337,-1255.4453071336657
2338,-1256.8475256086658
2339,-1255.6990967336658
2340,-1252.3265972336656
2341,-1247.683129583666
2342,-1241.7719057086656
2343,-1239.6148138586657
2344,-1240.453782658666
2345,-1245.8917095711658
2346,-1256.132802633666
2347,-1267.905981383666
2348,-1280.2772310086657
2349,-1290.680339196166
2350,-1299.091204208666
2351,-1304.661228708666
2352,-1307.091155583666
2353,-1305.520495258666
2354,-1300.034452008666
2355,-1292.046146146166
2356,-1292.512050103924
2357,-1315.5034458896982
2358,-1350.5616864582305
2359,-1386.3854786892625
2360,-1412.069624525037
2361,-1416.384326632795
2362,-1411.444424282795
2363,-1407.678203757795
2364,-1404.932395882795
2365,-1400.835339357795
2366,-1385.446484512537
2367,-1348.7391326267627
2368,-1301.7651552832303
2369,-1259.3881757896984
2370,-1231.818858216424
2371,-1229.445266258666
2372,-1241.669661358666
2373,-1255.0373318086658
2374,-1281.367692091424
2375,-1332.8794118396982
2376,-1382.7393909129723
2377,-1430.6894475462464
2378,-1465.5177670417627
2379,-1474.1192648517626
2380,-1482.9128184517626
2381,-1492.5749019667626
2382,-1501.6167736867626
2383,-1510.7660689892627
2384,-1508.5515482690046
2385,-1482.6694568957305
2386,-1457.1503875224564
2387,-1429.926816051682
2388,-1413.3214538936659
2389,-1419.569049433666
2390,-1424.2466636086658
2391,-1427.7958096186658
2392,-1427.668991273666
2393,-1422.8603781211657
2394,-1412.6370707836659
2395,-1398.9402028086658
2396,-1384.5697040836658
2397,-1397.174526036682
2398,-1412.8778535646982
2399,-1431.1189277802143
2400,-1449.4006018957305
2401,-1416.3829418496912
2402,-1384.8071821786516
2403,-1355.7414306076123
2404,-1330.448577574073
2405,-1331.931804161573
2406,-1331.3628499490728
2407,-1303.1643405960567
2408,-1273.6450467305406
2409,-1243.8198531400244
2410,-1215.6294331495083
2411,-1240.3490381705476
2412,-1266.105567416587
2413,-1293.8637698876264
2414,-1324.120680796166
2415,-1329.3395857836658
2416,-1335.7184651461657
2417,-1341.6017429836659
2418,-1343.878767796166
2419,-1344.5102643586658
2420,-1345.702856721166
2421,-1345.7085562586658
2422,-1348.2446267836658
2423,-1348.198899308666
2424,-1341.0982317336657
2425,-1330.5390428836658
2426,-1314.5429615586659
2427,-1296.7480610336659
2428,-1278.420489221166
2429,-1257.936583383666
2430,-1257.014097586682
2431,-1252.7080677146982
2432,-1242.7686029302145
2433,-1231.3543976207304
2434,-1198.4449734582306
2435,-1169.8297659707305
2436,-1148.2241684082305
2437,-1132.1070678332305
2438,-1119.8184916457305
2439,-1109.7409613332306
2440,-1101.6000245457305
2441,-1107.4312205784886
2442,-1115.1024318362465
2443,-1124.0140775565046
2444,-1133.8833676392628
2445,-1130.9673656642626
2446,-1127.4734421892626
2447,-1123.7104855392624
2448,-1121.3385802267626
2449,-1120.4048020142625
2450,-1096.9921721362464
2451,-1063.7626637879723
2452,-1032.670043864698
2453,-1004.0470770539239
2454,-1002.2324351586658
2455,-1013.5930992711659
2456,-1026.3101092836657
2457,-1039.9678944086659
2458,-1052.8581691086658
2459,-1065.421980658666
2460,-1075.8572148836658
2461,-1083.813057571166
2462,-1090.051924483666
2463,-1094.4008054711658
2464,-1098.035888833666
2465,-1101.0774391836658
2466,-1301.4070834828217
2467,-1698.9906127186332
2468,-2068.594137533405
2469,-2435.0434316981773
2470,-2599.6959935387936
2471,-2563.395697130254
2472,-2551.151269717754
2473,-2539.7587848302546
2474,-2530.355827367754
2475,-2523.0028729927544
2476,-2317.8959931185987
2477,-1914.5306407258256
2478,-1538.4522787401697
2479,-1165.33700920863
2480,-994.7423864012459
2481,-1024.2243787874788
2482,-1026.769077991595
2483,-1026.145791991595
2484,-1021.1130697415949
2485,-1014.229066241595
2486,-1008.114700091595
2487,-1002.4143208735564
2488,-997.6975575194404
2489,-991.435385273708
2490,-983.4591112029757
2491,-974.8733300252823
2492,-967.264739058666
2493,-961.8922058586661
2494,-958.6776683586661
2495,-956.8001593586662
2496,-955.265372346166
2497,-954.1923877086662
2498,-953.5557720711661
2499,-978.8065292866822
2500,-1005.8152613146983
2501,-1035.1620106843811
2502,-1066.0714969873975
2503,-1073.4211900623973
2504,-1080.8749790498973
2505,-1086.8327596957306
2506,-1090.1411926957305
2507,-1090.2959249707305
2508,-1087.2342869582305
2509,-1057.8233204802145
2510,-1028.1518307646984
2511,-998.5993059825156
2512,-970.3073879669995
2513,-967.7087933419996
2514,-966.4523273794996
2515,-967.0499139086662
2516,-970.2787748211662
